Date,Open,High,Low,Close,Adj Close,Volume
8/2/18,23.120001,23.120001,23.120001,23.120001,17.198608,0
8/3/18,23.23,23.23,23.23,23.23,17.280434,0
8/6/18,23.24,23.24,23.24,23.24,17.287872,0
8/7/18,23.290001,23.290001,23.290001,23.290001,17.325071,0
8/8/18,23.290001,23.290001,23.290001,23.290001,17.325071,0
8/9/18,23.27,23.27,23.27,23.27,17.310192,0
8/10/18,23.129999,23.129999,23.129999,23.129999,17.206047,0
8/13/18,23.049999,23.049999,23.049999,23.049999,17.146538,0
8/14/18,23.110001,23.110001,23.110001,23.110001,17.191166,0
8/15/18,23.02,23.02,23.02,23.02,17.124218,0
8/16/18,23.15,23.15,23.15,23.15,17.220922,0
8/17/18,23.23,23.23,23.23,23.23,17.280434,0
8/20/18,23.299999,23.299999,23.299999,23.299999,17.332508,0
8/21/18,23.309999,23.309999,23.309999,23.309999,17.339945,0
8/22/18,23.280001,23.280001,23.280001,23.280001,17.317635,0
8/23/18,23.219999,23.219999,23.219999,23.219999,17.273001,0
8/24/18,23.299999,23.299999,23.299999,23.299999,17.332508,0
8/27/18,23.4,23.4,23.4,23.4,17.406893,0
8/28/18,23.389999,23.389999,23.389999,23.389999,17.399456,0
8/29/18,23.469999,23.469999,23.469999,23.469999,17.458969,0
8/30/18,23.389999,23.389999,23.389999,23.389999,17.399456,0
8/31/18,23.309999,23.309999,23.309999,23.309999,17.339945,0
9/4/18,23.25,23.25,23.25,23.25,17.295313,0
9/5/18,23.25,23.25,23.25,23.25,17.295313,0
9/6/18,23.209999,23.209999,23.209999,23.209999,17.265556,0
9/7/18,23.139999,23.139999,23.139999,23.139999,17.213484,0
9/10/18,23.190001,23.190001,23.190001,23.190001,17.250681,0
9/11/18,23.16,23.16,23.16,23.16,17.228365,0
9/12/18,23.049999,23.049999,23.049999,23.049999,17.269567,0
9/13/18,23.110001,23.110001,23.110001,23.110001,17.31452,0
9/14/18,23.129999,23.129999,23.129999,23.129999,17.329508,0
9/17/18,23.139999,23.139999,23.139999,23.139999,17.336998,0
9/18/18,23.18,23.18,23.18,23.18,17.366968,0
9/19/18,23.18,23.18,23.18,23.18,17.366968,0
9/20/18,23.32,23.32,23.32,23.32,17.471855,0
9/21/18,23.370001,23.370001,23.370001,23.370001,17.509321,0
9/24/18,23.27,23.27,23.27,23.27,17.434401,0
9/25/18,23.26,23.26,23.26,23.26,17.426908,0
9/26/18,23.200001,23.200001,23.200001,23.200001,17.381952,0
9/27/18,23.200001,23.200001,23.200001,23.200001,17.381952,0
9/28/18,23.200001,23.200001,23.200001,23.200001,17.381952,0
10/1/18,23.24,23.24,23.24,23.24,17.411919,0
10/2/18,23.25,23.25,23.25,23.25,17.419415,0
10/3/18,23.25,23.25,23.25,23.25,17.419415,0
10/4/18,23.17,23.17,23.17,23.17,17.359476,0
10/5/18,23.08,23.08,23.08,23.08,17.292048,0
10/8/18,23.08,23.08,23.08,23.08,17.292048,0
10/9/18,23.059999,23.059999,23.059999,23.059999,17.277063,0
10/10/18,22.690001,22.690001,22.690001,22.690001,16.999847,0
10/11/18,22.4,22.4,22.4,22.4,16.782576,0
10/12/18,22.49,22.49,22.49,22.49,16.850006,0
10/15/18,22.450001,22.450001,22.450001,22.450001,16.820032,0
10/16/18,22.719999,22.719999,22.719999,22.719999,17.022326,0
10/17/18,22.67,22.67,22.67,22.67,16.984863,0
10/18/18,22.5,22.5,22.5,22.5,16.8575,0
10/19/18,22.549999,22.549999,22.549999,22.549999,16.894958,0
10/22/18,22.459999,22.459999,22.459999,22.459999,16.82753,0
10/23/18,22.370001,22.370001,22.370001,22.370001,16.760098,0
10/24/18,22.08,22.08,22.08,22.08,16.542824,0
10/25/18,22.200001,22.200001,22.200001,22.200001,16.63273,0
10/26/18,22.059999,22.059999,22.059999,22.059999,16.527843,0
10/29/18,22.040001,22.040001,22.040001,22.040001,16.512857,0
10/30/18,22.23,22.23,22.23,22.23,16.655207,0
10/31/18,22.290001,22.290001,22.290001,22.290001,16.700163,0
11/1/18,22.459999,22.459999,22.459999,22.459999,16.82753,0
11/2/18,22.389999,22.389999,22.389999,22.389999,16.775082,0
11/5/18,22.540001,22.540001,22.540001,22.540001,16.88747,0
11/6/18,22.610001,22.610001,22.610001,22.610001,16.939911,0
11/7/18,22.84,22.84,22.84,22.84,17.112234,0
11/8/18,22.790001,22.790001,22.790001,22.790001,17.074774,0
11/9/18,22.700001,22.700001,22.700001,22.700001,17.007345,0
11/12/18,22.52,22.52,22.52,22.52,16.87248,0
11/13/18,22.52,22.52,22.52,22.52,16.87248,0
11/14/18,22.459999,22.459999,22.459999,22.459999,16.82753,0
11/15/18,22.57,22.57,22.57,22.57,16.909945,0
11/16/18,22.66,22.66,22.66,22.66,16.977375,0
11/19/18,22.559999,22.559999,22.559999,22.559999,16.902452,0
11/20/18,22.27,22.27,22.27,22.27,16.685179,0
11/21/18,22.34,22.34,22.34,22.34,16.737621,0
11/23/18,22.23,22.23,22.23,22.23,16.655207,0
11/26/18,22.4,22.4,22.4,22.4,16.782576,0
11/27/18,22.43,22.43,22.43,22.43,16.805056,0
11/28/18,22.620001,22.620001,22.620001,22.620001,16.947409,0
11/29/18,22.629999,22.629999,22.629999,22.629999,16.954899,0
11/30/18,22.719999,22.719999,22.719999,22.719999,17.022326,0
12/3/18,22.83,22.83,22.83,22.83,17.10474,0
12/4/18,22.48,22.48,22.48,22.48,16.842512,0
12/6/18,22.370001,22.370001,22.370001,22.370001,16.760098,0
12/7/18,22.16,22.16,22.16,22.16,16.602762,0
12/10/18,22.15,22.15,22.15,22.15,16.595268,0
12/11/18,22.16,22.16,22.16,22.16,16.602762,0
12/12/18,22.25,22.25,22.25,22.25,16.670197,0
12/13/18,22.27,22.27,22.27,22.27,16.685179,0
12/14/18,22.09,22.09,22.09,22.09,16.550316,0
12/17/18,21.82,21.82,21.82,21.82,16.348024,0
12/18/18,20.709999,20.709999,20.709999,20.709999,16.323591,0
12/19/18,20.58,20.58,20.58,20.58,16.221127,0
12/20/18,20.42,20.42,20.42,20.42,16.095016,0
12/21/18,20.280001,20.280001,20.280001,20.280001,15.984669,0
12/24/18,19.959999,19.959999,19.959999,19.959999,15.732445,0
12/26/18,20.389999,20.389999,20.389999,20.389999,16.071371,0
12/27/18,20.48,20.48,20.48,20.48,16.142309,0
12/28/18,20.530001,20.530001,20.530001,20.530001,16.181721,0
12/31/18,20.629999,20.629999,20.629999,20.629999,16.260534,0
1/2/19,20.610001,20.610001,20.610001,20.610001,16.24477,0
1/3/19,20.42,20.42,20.42,20.42,16.095016,0
1/4/19,20.809999,20.809999,20.809999,20.809999,16.402412,0
1/7/19,20.870001,20.870001,20.870001,20.870001,16.449707,0
1/8/19,20.950001,20.950001,20.950001,20.950001,16.512758,0
1/9/19,21.01,21.01,21.01,21.01,16.560053,0
1/10/19,21.059999,21.059999,21.059999,21.059999,16.599463,0
1/11/19,21.1,21.1,21.1,21.1,16.630991,0
1/14/19,21.01,21.01,21.01,21.01,16.560053,0
1/15/19,21.1,21.1,21.1,21.1,16.630991,0
1/16/19,21.08,21.08,21.08,21.08,16.615231,0
1/17/19,21.190001,21.190001,21.190001,21.190001,16.701929,0
1/18/19,21.35,21.35,21.35,21.35,16.828039,0
1/22/19,21.209999,21.209999,21.209999,21.209999,16.717691,0
1/23/19,21.24,21.24,21.24,21.24,16.741343,0
1/24/19,21.23,21.23,21.23,21.23,16.733458,0
1/25/19,21.309999,21.309999,21.309999,21.309999,16.796511,0
1/28/19,21.24,21.24,21.24,21.24,16.741343,0
1/29/19,21.27,21.27,21.27,21.27,16.764984,0
1/30/19,21.42,21.42,21.42,21.42,16.883215,0
1/31/19,21.49,21.49,21.49,21.49,16.938387,0
2/1/19,21.540001,21.540001,21.540001,21.540001,16.977802,0
2/4/19,21.59,21.59,21.59,21.59,17.017208,0
2/5/19,21.68,21.68,21.68,21.68,17.088146,0
2/6/19,21.66,21.66,21.66,21.66,17.072384,0
2/7/19,21.540001,21.540001,21.540001,21.540001,16.977802,0
2/8/19,21.549999,21.549999,21.549999,21.549999,16.98568,0
2/11/19,21.530001,21.530001,21.530001,21.530001,16.969913,0
2/12/19,21.65,21.65,21.65,21.65,17.064503,0
2/13/19,21.700001,21.700001,21.700001,21.700001,17.103914,0
2/14/19,21.68,21.68,21.68,21.68,17.088146,0
2/15/19,21.84,21.84,21.84,21.84,17.214254,0
2/19/19,21.870001,21.870001,21.870001,21.870001,17.237906,0
2/20/19,21.959999,21.959999,21.959999,21.959999,17.308844,0
2/21/19,21.9,21.9,21.9,21.9,17.261553,0
2/22/19,21.99,21.99,21.99,21.99,17.332485,0
2/25/19,22.01,22.01,22.01,22.01,17.348248,0
2/26/19,22.01,22.01,22.01,22.01,17.348248,0
2/27/19,22,22,22,22,17.34037,0
2/28/19,21.98,21.98,21.98,21.98,17.324608,0
3/1/19,22.02,22.02,22.02,22.02,17.356133,0
3/4/19,21.98,21.98,21.98,21.98,17.324608,0
3/5/19,21.98,21.98,21.98,21.98,17.324608,0
3/6/19,21.950001,21.950001,21.950001,21.950001,17.300959,0
3/7/19,21.84,21.84,21.84,21.84,17.214254,0
3/8/19,21.790001,21.790001,21.790001,21.790001,17.174847,0
3/11/19,21.969999,21.969999,21.969999,21.969999,17.316721,0
3/12/19,22,22,22,22,17.34037,0
3/13/19,21.940001,21.940001,21.940001,21.940001,17.423756,0
3/14/19,21.92,21.92,21.92,21.92,17.407869,0
3/15/19,22.02,22.02,22.02,22.02,17.487288,0
3/18/19,22.09,22.09,22.09,22.09,17.542885,0
3/19/19,22.08,22.08,22.08,22.08,17.534939,0
3/20/19,22.02,22.02,22.02,22.02,17.487288,0
3/21/19,22.15,22.15,22.15,22.15,17.590525,0
3/22/19,21.940001,21.940001,21.940001,21.940001,17.423756,0
3/25/19,21.93,21.93,21.93,21.93,17.415815,0
3/26/19,22.030001,22.030001,22.030001,22.030001,17.495232,0
3/27/19,21.98,21.98,21.98,21.98,17.455524,0
3/28/19,22.02,22.02,22.02,22.02,17.487288,0
3/29/19,22.08,22.08,22.08,22.08,17.534939,0
4/1/19,22.219999,22.219999,22.219999,22.219999,17.64612,0
4/2/19,22.25,22.25,22.25,22.25,17.669943,0
4/3/19,22.27,22.27,22.27,22.27,17.685829,0
4/4/19,22.290001,22.290001,22.290001,22.290001,17.701712,0
4/5/19,22.35,22.35,22.35,22.35,17.749359,0
4/8/19,22.370001,22.370001,22.370001,22.370001,17.765242,0
4/9/19,22.299999,22.299999,22.299999,22.299999,17.70965,0
4/10/19,22.34,22.34,22.34,22.34,17.741417,0
4/11/19,22.33,22.33,22.33,22.33,17.733473,0
4/12/19,22.41,22.41,22.41,22.41,17.797009,0
4/15/19,22.389999,22.389999,22.389999,22.389999,17.781124,0
4/16/19,22.4,22.4,22.4,22.4,17.789068,0
4/17/19,22.389999,22.389999,22.389999,22.389999,17.781124,0
4/18/19,22.379999,22.379999,22.379999,22.379999,17.773182,0
4/22/19,22.379999,22.379999,22.379999,22.379999,17.773182,0
4/23/19,22.469999,22.469999,22.469999,22.469999,17.84466,0
4/24/19,22.440001,22.440001,22.440001,22.440001,17.820835,0
4/25/19,22.379999,22.379999,22.379999,22.379999,17.773182,0
4/26/19,22.41,22.41,22.41,22.41,17.797009,0
4/29/19,22.42,22.42,22.42,22.42,17.804947,0
4/30/19,22.5,22.5,22.5,22.5,17.868484,0
5/1/19,22.370001,22.370001,22.370001,22.370001,17.765242,0
5/2/19,22.33,22.33,22.33,22.33,17.733473,0
5/3/19,22.48,22.48,22.48,22.48,17.852596,0
5/6/19,22.389999,22.389999,22.389999,22.389999,17.781124,0
5/7/19,22.190001,22.190001,22.190001,22.190001,17.622295,0
5/8/19,22.16,22.16,22.16,22.16,17.598469,0
5/9/19,22.110001,22.110001,22.110001,22.110001,17.558764,0
5/10/19,22.190001,22.190001,22.190001,22.190001,17.622295,0
5/13/19,21.950001,21.950001,21.950001,21.950001,17.431696,0
5/14/19,22.049999,22.049999,22.049999,22.049999,17.51111,0
5/15/19,22.1,22.1,22.1,22.1,17.550819,0
5/16/19,22.190001,22.190001,22.190001,22.190001,17.622295,0
5/17/19,22.110001,22.110001,22.110001,22.110001,17.558764,0
5/20/19,22.030001,22.030001,22.030001,22.030001,17.495232,0
5/21/19,22.1,22.1,22.1,22.1,17.550819,0
5/22/19,22.09,22.09,22.09,22.09,17.542885,0
5/23/19,22,22,22,22,17.471405,0
5/24/19,22.040001,22.040001,22.040001,22.040001,17.50317,0
5/28/19,21.879999,21.879999,21.879999,21.879999,17.376108,0
5/29/19,21.790001,21.790001,21.790001,21.790001,17.304632,0
5/30/19,21.82,21.82,21.82,21.82,17.328457,0
5/31/19,21.700001,21.700001,21.700001,21.700001,17.233162,0
6/3/19,21.84,21.84,21.84,21.84,17.344337,0
6/4/19,22.040001,22.040001,22.040001,22.040001,17.50317,0
6/5/19,22.120001,22.120001,22.120001,22.120001,17.566708,0
6/6/19,22.200001,22.200001,22.200001,22.200001,17.630234,0
6/7/19,22.32,22.32,22.32,22.32,17.725534,0
6/10/19,22.379999,22.379999,22.379999,22.379999,17.773182,0
6/11/19,22.42,22.42,22.42,22.42,17.804947,0
6/12/19,22.23,22.23,22.23,22.23,17.784948,0
6/13/19,22.27,22.27,22.27,22.27,17.816952,0
6/14/19,22.219999,22.219999,22.219999,22.219999,17.776947,0
6/17/19,22.209999,22.209999,22.209999,22.209999,17.768948,0
6/18/19,22.370001,22.370001,22.370001,22.370001,17.896954,0
6/19/19,22.440001,22.440001,22.440001,22.440001,17.952959,0
6/20/19,22.559999,22.559999,22.559999,22.559999,18.048962,0
6/21/19,22.530001,22.530001,22.530001,22.530001,18.02496,0
6/24/19,22.52,22.52,22.52,22.52,18.016962,0
6/25/19,22.41,22.41,22.41,22.41,17.928957,0
6/26/19,22.35,22.35,22.35,22.35,17.880955,0
6/27/19,22.42,22.42,22.42,22.42,17.936954,0
6/28/19,22.5,22.5,22.5,22.5,18.000961,0
7/1/19,22.59,22.59,22.59,22.59,18.072964,0
7/2/19,22.67,22.67,22.67,22.67,18.136965,0
7/3/19,22.780001,22.780001,22.780001,22.780001,18.224972,0
7/5/19,22.700001,22.700001,22.700001,22.700001,18.160971,0
7/8/19,22.629999,22.629999,22.629999,22.629999,18.104967,0
7/9/19,22.6,22.6,22.6,22.6,18.080969,0
7/10/19,22.66,22.66,22.66,22.66,18.128969,0
7/11/19,22.610001,22.610001,22.610001,22.610001,18.088966,0
7/12/19,22.68,22.68,22.68,22.68,18.14497,0
7/15/19,22.700001,22.700001,22.700001,22.700001,18.160971,0
7/16/19,22.68,22.68,22.68,22.68,18.14497,0
7/17/19,22.620001,22.620001,22.620001,22.620001,18.096966,0
7/18/19,22.700001,22.700001,22.700001,22.700001,18.160971,0
7/19/19,22.629999,22.629999,22.629999,22.629999,18.104967,0
7/22/19,22.66,22.66,22.66,22.66,18.128969,0
7/23/19,22.75,22.75,22.75,22.75,18.20097,0
7/24/19,22.809999,22.809999,22.809999,22.809999,18.248976,0
7/25/19,22.75,22.75,22.75,22.75,18.20097,0
7/26/19,22.780001,22.780001,22.780001,22.780001,18.224972,0
7/29/19,22.780001,22.780001,22.780001,22.780001,18.224972,0
7/30/19,22.73,22.73,22.73,22.73,18.184971,0
7/31/19,22.559999,22.559999,22.559999,22.559999,18.048962,0
8/1/19,22.530001,22.530001,22.530001,22.530001,18.02496,0
8/2/19,22.459999,22.459999,22.459999,22.459999,17.968956,0
8/5/19,22.1,22.1,22.1,22.1,17.680944,0
8/6/19,22.219999,22.219999,22.219999,22.219999,17.776947,0
8/7/19,22.23,22.23,22.23,22.23,17.784948,0
8/8/19,22.48,22.48,22.48,22.48,17.984959,0
8/9/19,22.389999,22.389999,22.389999,22.389999,17.912956,0
8/12/19,22.25,22.25,22.25,22.25,17.800951,0
8/13/19,22.389999,22.389999,22.389999,22.389999,17.912956,0
8/14/19,22.02,22.02,22.02,22.02,17.61694,0
8/15/19,22.08,22.08,22.08,22.08,17.664944,0
8/16/19,22.280001,22.280001,22.280001,22.280001,17.824955,0
8/19/19,22.440001,22.440001,22.440001,22.440001,17.952959,0
8/20/19,22.35,22.35,22.35,22.35,17.880955,0
8/21/19,22.51,22.51,22.51,22.51,18.008961,0
8/22/19,22.51,22.51,22.51,22.51,18.008961,0
8/23/19,22.219999,22.219999,22.219999,22.219999,17.776947,0
8/26/19,22.290001,22.290001,22.290001,22.290001,17.832952,0
8/27/19,22.290001,22.290001,22.290001,22.290001,17.832952,0
8/28/19,22.389999,22.389999,22.389999,22.389999,17.912956,0
8/29/19,22.530001,22.530001,22.530001,22.530001,18.02496,0
8/30/19,22.57,22.57,22.57,22.57,18.056965,0
9/3/19,22.5,22.5,22.5,22.5,18.000961,0
9/4/19,22.690001,22.690001,22.690001,22.690001,18.152969,0
9/5/19,22.790001,22.790001,22.790001,22.790001,18.232975,0
9/6/19,22.860001,22.860001,22.860001,22.860001,18.288975,0
9/9/19,22.85,22.85,22.85,22.85,18.280975,0
9/10/19,22.84,22.84,22.84,22.84,18.272974,0
9/11/19,22.76,22.76,22.76,22.76,18.341475,0
9/12/19,22.790001,22.790001,22.790001,22.790001,18.36565,0
9/13/19,22.75,22.75,22.75,22.75,18.333412,0
9/16/19,22.73,22.73,22.73,22.73,18.317297,0
9/17/19,22.799999,22.799999,22.799999,22.799999,18.373705,0
9/18/19,22.799999,22.799999,22.799999,22.799999,18.373705,0
9/19/19,22.799999,22.799999,22.799999,22.799999,18.373705,0
9/20/19,22.77,22.77,22.77,22.77,18.349535,0
9/23/19,22.76,22.76,22.76,22.76,18.341475,0
9/24/19,22.700001,22.700001,22.700001,22.700001,18.293121,0
9/25/19,22.709999,22.709999,22.709999,22.709999,18.30118,0
9/26/19,22.74,22.74,22.74,22.74,18.325356,0
9/27/19,22.709999,22.709999,22.709999,22.709999,18.30118,0
9/30/19,22.74,22.74,22.74,22.74,18.325356,0
10/1/19,22.57,22.57,22.57,22.57,18.18836,0
10/2/19,22.290001,22.290001,22.290001,22.290001,17.962715,0
10/3/19,22.41,22.41,22.41,22.41,18.059422,0
10/4/19,22.59,22.59,22.59,22.59,18.204477,0
10/7/19,22.52,22.52,22.52,22.52,18.148066,0
10/8/19,22.34,22.34,22.34,22.34,18.003008,0
10/9/19,22.450001,22.450001,22.450001,22.450001,18.091652,0
10/10/19,22.540001,22.540001,22.540001,22.540001,18.164186,0
10/11/19,22.67,22.67,22.67,22.67,18.268942,0
10/14/19,22.639999,22.639999,22.639999,22.639999,18.24477,0
10/15/19,22.75,22.75,22.75,22.75,18.333412,0
10/16/19,22.74,22.74,22.74,22.74,18.325356,0
10/17/19,22.780001,22.780001,22.780001,22.780001,18.357592,0
10/18/19,22.799999,22.799999,22.799999,22.799999,18.373705,0
10/21/19,22.860001,22.860001,22.860001,22.860001,18.42206,0
10/22/19,22.860001,22.860001,22.860001,22.860001,18.42206,0
10/23/19,22.92,22.92,22.92,22.92,18.470407,0
10/24/19,22.969999,22.969999,22.969999,22.969999,18.510704,0
10/25/19,23.01,23.01,23.01,23.01,18.542938,0
10/28/19,23.040001,23.040001,23.040001,23.040001,18.567116,0
10/29/19,23.07,23.07,23.07,23.07,18.591291,0
10/30/19,23.139999,23.139999,23.139999,23.139999,18.647699,0
10/31/19,23.07,23.07,23.07,23.07,18.591291,0
11/1/19,23.190001,23.190001,23.190001,23.190001,18.687996,0
11/4/19,23.26,23.26,23.26,23.26,18.744408,0
11/5/19,23.23,23.23,23.23,23.23,18.72023,0
11/6/19,23.25,23.25,23.25,23.25,18.736347,0
11/7/19,23.23,23.23,23.23,23.23,18.72023,0
11/8/19,23.24,23.24,23.24,23.24,18.728285,0
11/11/19,23.209999,23.209999,23.209999,23.209999,18.704109,0
11/12/19,23.23,23.23,23.23,23.23,18.72023,0
11/13/19,23.23,23.23,23.23,23.23,18.72023,0
11/14/19,23.25,23.25,23.25,23.25,18.736347,0
11/15/19,23.35,23.35,23.35,23.35,18.816935,0
11/18/19,23.370001,23.370001,23.370001,23.370001,18.83305,0
11/19/19,23.34,23.34,23.34,23.34,18.808872,0
11/20/19,23.32,23.32,23.32,23.32,18.792753,0
11/21/19,23.290001,23.290001,23.290001,23.290001,18.768579,0
11/22/19,23.32,23.32,23.32,23.32,18.792753,0
11/25/19,23.42,23.42,23.42,23.42,18.873344,0
11/26/19,23.450001,23.450001,23.450001,23.450001,18.89752,0
11/27/19,23.49,23.49,23.49,23.49,18.929754,0
11/29/19,23.43,23.43,23.43,23.43,18.881403,0
12/2/19,23.309999,23.309999,23.309999,23.309999,18.784697,0
12/3/19,23.25,23.25,23.25,23.25,18.736347,0
12/4/19,23.360001,23.360001,23.360001,23.360001,18.824993,0
12/5/19,23.379999,23.379999,23.379999,23.379999,18.841106,0
12/6/19,23.51,23.51,23.51,23.51,18.945869,0
12/9/19,23.5,23.5,23.5,23.5,18.937813,0
12/10/19,23.49,23.49,23.49,23.49,18.929754,0
12/11/19,23.540001,23.540001,23.540001,23.540001,18.970049,0
12/12/19,23.66,23.66,23.66,23.66,19.066748,0
12/13/19,23.68,23.68,23.68,23.68,19.082867,0
12/16/19,23.82,23.82,23.82,23.82,19.195688,0
12/17/19,23.059999,23.059999,23.059999,23.059999,19.189865,0
12/18/19,23.08,23.08,23.08,23.08,19.206503,0
12/19/19,23.129999,23.129999,23.129999,23.129999,19.248114,0
12/20/19,23.209999,23.209999,23.209999,23.209999,19.314686,0
12/23/19,23.209999,23.209999,23.209999,23.209999,19.314686,0
12/24/19,23.200001,23.200001,23.200001,23.200001,19.306366,0
12/26/19,23.25,23.25,23.25,23.25,19.347977,0
12/27/19,23.299999,23.299999,23.299999,23.299999,19.389584,0
12/30/19,23.200001,23.200001,23.200001,23.200001,19.306366,0
12/31/19,23.24,23.24,23.24,23.24,19.339653,0
1/2/20,23.32,23.32,23.32,23.32,19.406229,0
1/3/20,23.27,23.27,23.27,23.27,19.364622,0
1/6/20,23.27,23.27,23.27,23.27,19.364622,0
1/7/20,23.200001,23.200001,23.200001,23.200001,19.306366,0
1/8/20,23.23,23.23,23.23,23.23,19.331337,0
1/9/20,23.299999,23.299999,23.299999,23.299999,19.389584,0
1/10/20,23.27,23.27,23.27,23.27,19.364622,0
1/13/20,23.370001,23.370001,23.370001,23.370001,19.447836,0
1/14/20,23.4,23.4,23.4,23.4,19.472801,0
1/15/20,23.42,23.42,23.42,23.42,19.489445,0
1/16/20,23.51,23.51,23.51,23.51,19.564339,0
1/17/20,23.6,23.6,23.6,23.6,19.639238,0
1/21/20,23.530001,23.530001,23.530001,23.530001,19.580984,0
1/22/20,23.52,23.52,23.52,23.52,19.572662,0
1/23/20,23.540001,23.540001,23.540001,23.540001,19.589308,0
1/24/20,23.43,23.43,23.43,23.43,19.497768,0
1/27/20,23.190001,23.190001,23.190001,23.190001,19.298048,0
1/28/20,23.32,23.32,23.32,23.32,19.406229,0
1/29/20,23.309999,23.309999,23.309999,23.309999,19.397907,0
1/30/20,23.290001,23.290001,23.290001,23.290001,19.38126,0
1/31/20,23.059999,23.059999,23.059999,23.059999,19.189865,0
2/3/20,23.1,23.1,23.1,23.1,19.223152,0
2/4/20,23.299999,23.299999,23.299999,23.299999,19.389584,0
2/5/20,23.440001,23.440001,23.440001,23.440001,19.50609,0
2/6/20,23.459999,23.459999,23.459999,23.459999,19.522732,0
2/7/20,23.389999,23.389999,23.389999,23.389999,19.464481,0
2/10/20,23.48,23.48,23.48,23.48,19.539375,0
2/11/20,23.549999,23.549999,23.549999,23.549999,19.597628,0
2/12/20,23.58,23.58,23.58,23.58,19.622589,0
2/13/20,23.549999,23.549999,23.549999,23.549999,19.597628,0
2/14/20,23.549999,23.549999,23.549999,23.549999,19.597628,0
2/18/20,23.49,23.49,23.49,23.49,19.547697,0
2/19/20,23.530001,23.530001,23.530001,23.530001,19.580984,0
2/20/20,23.5,23.5,23.5,23.5,19.556019,0
2/21/20,23.459999,23.459999,23.459999,23.459999,19.522732,0
2/24/20,22.969999,22.969999,22.969999,22.969999,19.114967,0
2/25/20,22.559999,22.559999,22.559999,22.559999,18.773779,0
2/26/20,22.540001,22.540001,22.540001,22.540001,18.757137,0
2/27/20,21.940001,21.940001,21.940001,21.940001,18.257833,0
2/28/20,21.709999,21.709999,21.709999,21.709999,18.066431,0
3/2/20,22.280001,22.280001,22.280001,22.280001,18.54077,0
3/3/20,22.07,22.07,22.07,22.07,18.366014,0
3/4/20,22.639999,22.639999,22.639999,22.639999,18.840349,0
3/5/20,22.23,22.23,22.23,22.23,18.499161,0
3/6/20,21.959999,21.959999,21.959999,21.959999,18.274471,0
3/9/20,20.66,20.66,20.66,20.66,17.192656,0
3/10/20,21.16,21.16,21.16,21.16,17.60874,0
3/11/20,20.450001,20.450001,20.450001,20.450001,17.0179,0
3/12/20,19,19,19,19,15.81125,0
3/13/20,19.969999,19.969999,19.969999,19.969999,16.618452,0
3/16/20,18.26,18.26,18.26,18.26,15.322039,0
3/17/20,18.85,18.85,18.85,18.85,15.817112,0
3/18/20,18.01,18.01,18.01,18.01,15.112266,0
3/19/20,17.969999,17.969999,17.969999,17.969999,15.078698,0
3/20/20,17.700001,17.700001,17.700001,17.700001,14.852141,0
3/23/20,17.290001,17.290001,17.290001,17.290001,14.50811,0
3/24/20,18.15,18.15,18.15,18.15,15.229736,0
3/25/20,18.549999,18.549999,18.549999,18.549999,15.56538,0
3/26/20,19.370001,19.370001,19.370001,19.370001,16.253445,0
3/27/20,19.049999,19.049999,19.049999,19.049999,15.984933,0
3/30/20,19.41,19.41,19.41,19.41,16.287012,0
3/31/20,19.309999,19.309999,19.309999,19.309999,16.203098,0
4/1/20,18.799999,18.799999,18.799999,18.799999,15.775154,0
4/2/20,19.08,19.08,19.08,19.08,16.010105,0
4/3/20,18.940001,18.940001,18.940001,18.940001,15.89263,0
4/6/20,19.549999,19.549999,19.549999,19.549999,16.404482,0
4/7/20,19.559999,19.559999,19.559999,19.559999,16.412878,0
4/8/20,19.9,19.9,19.9,19.9,16.69817,0
4/9/20,20.299999,20.299999,20.299999,20.299999,17.033815,0
4/13/20,20.1,20.1,20.1,20.1,16.865993,0
4/14/20,20.43,20.43,20.43,20.43,17.142895,0
4/15/20,20.08,20.08,20.08,20.08,16.849209,0
4/16/20,20.09,20.09,20.09,20.09,16.857601,0
4/17/20,20.549999,20.549999,20.549999,20.549999,17.243586,0
4/20/20,20.25,20.25,20.25,20.25,16.991858,0
4/21/20,19.889999,19.889999,19.889999,19.889999,16.689781,0
4/22/20,20.09,20.09,20.09,20.09,16.857601,0
4/23/20,20.08,20.08,20.08,20.08,16.849209,0
4/24/20,20.200001,20.200001,20.200001,20.200001,16.949902,0
4/27/20,20.450001,20.450001,20.450001,20.450001,17.159679,0
4/28/20,20.51,20.51,20.51,20.51,17.210024,0
4/29/20,20.74,20.74,20.74,20.74,17.403019,0
4/30/20,20.559999,20.559999,20.559999,20.559999,17.251978,0
5/1/20,20.209999,20.209999,20.209999,20.209999,16.95829,0
5/4/20,20.190001,20.190001,20.190001,20.190001,16.941509,0
5/5/20,20.290001,20.290001,20.290001,20.290001,17.025423,0
5/6/20,20.139999,20.139999,20.139999,20.139999,16.899553,0
5/7/20,20.23,20.23,20.23,20.23,16.975077,0
5/8/20,20.459999,20.459999,20.459999,20.459999,17.168068,0
5/11/20,20.42,20.42,20.42,20.42,17.134508,0
5/12/20,20.18,20.18,20.18,20.18,16.933123,0
5/13/20,19.99,19.99,19.99,19.99,16.773685,0
5/14/20,20.049999,20.049999,20.049999,20.049999,16.824036,0
5/15/20,20,20,20,20,16.782084,0
5/18/20,20.450001,20.450001,20.450001,20.450001,17.159679,0
5/19/20,20.280001,20.280001,20.280001,20.280001,17.017031,0
5/20/20,20.48,20.48,20.48,20.48,17.184849,0
5/21/20,20.389999,20.389999,20.389999,20.389999,17.109329,0
5/22/20,20.4,20.4,20.4,20.4,17.117723,0
5/26/20,20.709999,20.709999,20.709999,20.709999,17.377846,0
5/27/20,20.92,20.92,20.92,20.92,17.554056,0
5/28/20,20.98,20.98,20.98,20.98,17.604404,0
5/29/20,21.02,21.02,21.02,21.02,17.63797,0
6/1/20,21.09,21.09,21.09,21.09,17.696707,0
6/2/20,21.24,21.24,21.24,21.24,17.822569,0
6/3/20,21.559999,21.559999,21.559999,21.559999,18.091084,0
6/4/20,21.559999,21.559999,21.559999,21.559999,18.091084,0
6/5/20,21.889999,21.889999,21.889999,21.889999,18.367987,0
6/8/20,22.120001,22.120001,22.120001,22.120001,18.560982,0
6/9/20,21.940001,21.940001,21.940001,21.940001,18.409943,0
6/10/20,21.83,21.83,21.83,21.83,18.317642,0
6/11/20,20.950001,20.950001,20.950001,20.950001,17.579229,0
6/12/20,21.129999,21.129999,21.129999,21.129999,17.730268,0
6/15/20,21.040001,21.040001,21.040001,21.040001,17.793695,0
6/16/20,21.299999,21.299999,21.299999,21.299999,18.013578,0
6/17/20,21.27,21.27,21.27,21.27,17.988213,0
6/18/20,21.209999,21.209999,21.209999,21.209999,17.937466,0
6/19/20,21.139999,21.139999,21.139999,21.139999,17.878267,0
6/22/20,21.17,21.17,21.17,21.17,17.903639,0
6/23/20,21.209999,21.209999,21.209999,21.209999,17.937466,0
6/24/20,20.85,20.85,20.85,20.85,17.633011,0
6/25/20,20.98,20.98,20.98,20.98,17.742958,0
6/26/20,20.709999,20.709999,20.709999,20.709999,17.514612,0
6/29/20,20.889999,20.889999,20.889999,20.889999,17.66684,0
6/30/20,21.01,21.01,21.01,21.01,17.768326,0
7/1/20,21.07,21.07,21.07,21.07,17.819069,0
7/2/20,21.190001,21.190001,21.190001,21.190001,17.920553,0
7/6/20,21.35,21.35,21.35,21.35,18.055864,0
7/7/20,21.200001,21.200001,21.200001,21.200001,17.929008,0
7/8/20,21.27,21.27,21.27,21.27,17.988213,0
7/9/20,21.09,21.09,21.09,21.09,17.835983,0
7/10/20,21.26,21.26,21.26,21.26,17.97975,0
7/13/20,21.25,21.25,21.25,21.25,17.971292,0
7/14/20,21.450001,21.450001,21.450001,21.450001,18.140438,0
7/15/20,21.620001,21.620001,21.620001,21.620001,18.284206,0
7/16/20,21.57,21.57,21.57,21.57,18.24192,0
7/17/20,21.68,21.68,21.68,21.68,18.334951,0
7/20/20,21.690001,21.690001,21.690001,21.690001,18.343405,0
7/21/20,21.799999,21.799999,21.799999,21.799999,18.436436,0
7/22/20,21.9,21.9,21.9,21.9,18.521006,0
7/23/20,21.82,21.82,21.82,21.82,18.453352,0
7/24/20,21.76,21.76,21.76,21.76,18.402607,0
7/27/20,21.9,21.9,21.9,21.9,18.521006,0
7/28/20,21.9,21.9,21.9,21.9,18.521006,0
7/29/20,22.040001,22.040001,22.040001,22.040001,18.639406,0
7/30/20,21.98,21.98,21.98,21.98,18.588659,0
7/31/20,21.879999,21.879999,21.879999,21.879999,18.504091,0
8/3/20,21.969999,21.969999,21.969999,21.969999,18.580208,0
8/4/20,22.07,22.07,22.07,22.07,18.664776,0
8/5/20,22.120001,22.120001,22.120001,22.120001,18.707064,0
8/6/20,22.139999,22.139999,22.139999,22.139999,18.723974,0
8/7/20,22.190001,22.190001,22.190001,22.190001,18.76626,0
8/10/20,22.290001,22.290001,22.290001,22.290001,18.850834,0
8/11/20,22.25,22.25,22.25,22.25,18.817001,0
8/12/20,22.440001,22.440001,22.440001,22.440001,18.97769,0
8/13/20,22.34,22.34,22.34,22.34,18.893118,0
8/14/20,22.32,22.32,22.32,22.32,18.876205,0
8/17/20,22.370001,22.370001,22.370001,22.370001,18.918489,0
8/18/20,22.370001,22.370001,22.370001,22.370001,18.918489,0
8/19/20,22.290001,22.290001,22.290001,22.290001,18.850834,0
8/20/20,22.25,22.25,22.25,22.25,18.817001,0
8/21/20,22.25,22.25,22.25,22.25,18.817001,0
8/24/20,22.440001,22.440001,22.440001,22.440001,18.97769,0
8/25/20,22.43,22.43,22.43,22.43,18.969231,0
8/26/20,22.450001,22.450001,22.450001,22.450001,18.986143,0
8/27/20,22.459999,22.459999,22.459999,22.459999,18.994604,0
8/28/20,22.530001,22.530001,22.530001,22.530001,19.053802,0
8/31/20,22.42,22.42,22.42,22.42,18.960772,0
9/1/20,22.43,22.43,22.43,22.43,18.969231,0
9/2/20,22.690001,22.690001,22.690001,22.690001,19.189116,0
9/3/20,22.35,22.35,22.35,22.35,18.901571,0
9/4/20,22.299999,22.299999,22.299999,22.299999,18.859285,0
9/8/20,22.040001,22.040001,22.040001,22.040001,18.639406,0
9/9/20,22.290001,22.290001,22.290001,22.290001,18.850834,0
9/10/20,22.08,22.08,22.08,22.08,18.673231,0
9/11/20,22.190001,22.190001,22.190001,22.190001,18.76626,0
9/14/20,22.17,22.17,22.17,22.17,18.889809,0
9/15/20,22.25,22.25,22.25,22.25,18.957968,0
9/16/20,22.26,22.26,22.26,22.26,18.966494,0
9/17/20,22.209999,22.209999,22.209999,22.209999,18.923889,0
9/18/20,22.09,22.09,22.09,22.09,18.821644,0
9/21/20,21.77,21.77,21.77,21.77,18.548992,0
9/22/20,21.809999,21.809999,21.809999,21.809999,18.583071,0
9/23/20,21.559999,21.559999,21.559999,21.559999,18.370062,0
9/24/20,21.58,21.58,21.58,21.58,18.387102,0
9/25/20,21.700001,21.700001,21.700001,21.700001,18.489347,0
9/28/20,21.91,21.91,21.91,21.91,18.668276,0
9/29/20,21.82,21.82,21.82,21.82,18.591595,0
9/30/20,21.889999,21.889999,21.889999,21.889999,18.651236,0
10/1/20,21.92,21.92,21.92,21.92,18.676798,0
10/2/20,21.93,21.93,21.93,21.93,18.685318,0
10/5/20,22.15,22.15,22.15,22.15,18.872765,0
10/6/20,22.01,22.01,22.01,22.01,18.753479,0
10/7/20,22.200001,22.200001,22.200001,22.200001,18.915369,0
10/8/20,22.370001,22.370001,22.370001,22.370001,19.060219,0
10/9/20,22.440001,22.440001,22.440001,22.440001,19.119862,0
10/12/20,22.530001,22.530001,22.530001,22.530001,19.196543,0
10/13/20,22.43,22.43,22.43,22.43,19.111338,0
10/14/20,22.379999,22.379999,22.379999,22.379999,19.068735,0
10/15/20,22.309999,22.309999,22.309999,22.309999,19.009096,0
10/16/20,22.360001,22.360001,22.360001,22.360001,19.051695,0
10/19/20,22.200001,22.200001,22.200001,22.200001,18.915369,0
10/20/20,22.209999,22.209999,22.209999,22.209999,18.923889,0
10/21/20,22.129999,22.129999,22.129999,22.129999,18.855724,0
10/22/20,22.200001,22.200001,22.200001,22.200001,18.915369,0
10/23/20,22.280001,22.280001,22.280001,22.280001,18.983532,0
10/26/20,22.049999,22.049999,22.049999,22.049999,18.78756,0
10/27/20,21.9,21.9,21.9,21.9,18.659754,0
10/28/20,21.4,21.4,21.4,21.4,18.233732,0
10/29/20,21.5,21.5,21.5,21.5,18.318937,0
10/30/20,21.4,21.4,21.4,21.4,18.233732,0
11/2/20,21.639999,21.639999,21.639999,21.639999,18.438225,0
11/3/20,21.92,21.92,21.92,21.92,18.676798,0
11/4/20,22.07,22.07,22.07,22.07,18.804604,0
11/5/20,22.370001,22.370001,22.370001,22.370001,19.060219,0
11/6/20,22.33,22.33,22.33,22.33,19.026131,0
11/9/20,22.709999,22.709999,22.709999,22.709999,19.349913,0
11/10/20,22.870001,22.870001,22.870001,22.870001,19.486237,0
11/11/20,22.940001,22.940001,22.940001,22.940001,19.545881,0
11/12/20,22.75,22.75,22.75,22.75,19.383991,0
11/13/20,22.959999,22.959999,22.959999,22.959999,19.56292,0
11/16/20,23.190001,23.190001,23.190001,23.190001,19.758892,0
11/17/20,23.139999,23.139999,23.139999,23.139999,19.716288,0
11/18/20,23.059999,23.059999,23.059999,23.059999,19.648129,0
11/19/20,23.1,23.1,23.1,23.1,19.682211,0
11/20/20,23.040001,23.040001,23.040001,23.040001,19.631084,0
11/23/20,23.139999,23.139999,23.139999,23.139999,19.716288,0
11/24/20,23.41,23.41,23.41,23.41,19.946342,0
11/25/20,23.33,23.33,23.33,23.33,19.878178,0
11/27/20,23.34,23.34,23.34,23.34,19.8867,0
11/30/20,23.200001,23.200001,23.200001,23.200001,19.767414,0
12/1/20,23.370001,23.370001,23.370001,23.370001,19.91226,0
12/2/20,23.450001,23.450001,23.450001,23.450001,19.980423,0
12/3/20,23.48,23.48,23.48,23.48,20.005981,0
12/4/20,23.66,23.66,23.66,23.66,20.159351,0
12/7/20,23.629999,23.629999,23.629999,23.629999,20.133789,0
12/8/20,23.709999,23.709999,23.709999,23.709999,20.201954,0
12/9/20,23.67,23.67,23.67,23.67,20.167873,0
12/10/20,23.66,23.66,23.66,23.66,20.159351,0
12/11/20,23.620001,23.620001,23.620001,23.620001,20.125271,0
12/14/20,23.469999,23.469999,23.469999,23.469999,19.997465,0
12/15/20,23.35,23.35,23.35,23.35,20.115488,0
12/16/20,23.379999,23.379999,23.379999,23.379999,20.141331,0
12/17/20,23.459999,23.459999,23.459999,23.459999,20.210249,0
12/18/20,23.42,23.42,23.42,23.42,20.175791,0
12/21/20,23.290001,23.290001,23.290001,23.290001,20.063799,0
12/22/20,23.23,23.23,23.23,23.23,20.012112,0
12/23/20,23.32,23.32,23.32,23.32,20.089643,0
12/24/20,23.360001,23.360001,23.360001,23.360001,20.124102,0
12/28/20,23.42,23.42,23.42,23.42,20.175791,0
12/29/20,23.41,23.41,23.41,23.41,20.167177,0
12/30/20,23.450001,23.450001,23.450001,23.450001,20.201635,0
12/31/20,23.549999,23.549999,23.549999,23.549999,20.287783,0
1/4/21,23.42,23.42,23.42,23.42,20.175791,0
1/5/21,23.559999,23.559999,23.559999,23.559999,20.296398,0
1/6/21,23.82,23.82,23.82,23.82,20.52038,0
1/7/21,23.959999,23.959999,23.959999,23.959999,20.640987,0
1/8/21,24,24,24,24,20.675447,0
1/11/21,23.969999,23.969999,23.969999,23.969999,20.649603,0
1/12/21,24.030001,24.030001,24.030001,24.030001,20.70129,0
1/13/21,24.049999,24.049999,24.049999,24.049999,20.718521,0
1/14/21,24.16,24.16,24.16,24.16,20.813284,0
1/15/21,24.01,24.01,24.01,24.01,20.684061,0
1/19/21,24.120001,24.120001,24.120001,24.120001,20.778822,0
1/20/21,24.23,24.23,24.23,24.23,20.873585,0
1/21/21,24.17,24.17,24.17,24.17,20.821899,0
1/22/21,24.07,24.07,24.07,24.07,20.73575,0
1/25/21,24.07,24.07,24.07,24.07,20.73575,0
1/26/21,24.040001,24.040001,24.040001,24.040001,20.709906,0
1/27/21,23.68,23.68,23.68,23.68,20.399773,0
1/28/21,23.82,23.82,23.82,23.82,20.52038,0
1/29/21,23.51,23.51,23.51,23.51,20.253323,0
2/1/21,23.700001,23.700001,23.700001,23.700001,20.417006,0
2/2/21,23.889999,23.889999,23.889999,23.889999,20.580683,0
2/3/21,23.93,23.93,23.93,23.93,20.615141,0
2/4/21,24.059999,24.059999,24.059999,24.059999,20.727135,0
2/5/21,24.120001,24.120001,24.120001,24.120001,20.778822,0
2/8/21,24.26,24.26,24.26,24.26,20.899433,0
2/9/21,24.280001,24.280001,24.280001,24.280001,20.916662,0
2/10/21,24.309999,24.309999,24.309999,24.309999,20.942505,0
2/11/21,24.27,24.27,24.27,24.27,20.908045,0
2/12/21,24.379999,24.379999,24.379999,24.379999,21.002806,0
2/16/21,24.42,24.42,24.42,24.42,21.037266,0
2/17/21,24.450001,24.450001,24.450001,24.450001,21.063112,0
2/18/21,24.41,24.41,24.41,24.41,21.02865,0
2/19/21,24.440001,24.440001,24.440001,24.440001,21.054499,0
2/22/21,24.440001,24.440001,24.440001,24.440001,21.054499,0
2/23/21,24.450001,24.450001,24.450001,24.450001,21.063112,0
2/24/21,24.629999,24.629999,24.629999,24.629999,21.218176,0
2/25/21,24.309999,24.309999,24.309999,24.309999,20.942505,0
2/26/21,24.08,24.08,24.08,24.08,20.744366,0
3/1/21,24.389999,24.389999,24.389999,24.389999,21.011421,0
3/2/21,24.360001,24.360001,24.360001,24.360001,20.98558,0
3/3/21,24.299999,24.299999,24.299999,24.299999,20.933891,0
3/4/21,24.09,24.09,24.09,24.09,20.752979,0
3/5/21,24.389999,24.389999,24.389999,24.389999,21.011421,0
3/8/21,24.4,24.4,24.4,24.4,21.020035,0
3/9/21,24.48,24.48,24.48,24.48,21.088955,0
3/10/21,24.629999,24.629999,24.629999,24.629999,21.218176,0
3/11/21,24.74,24.74,24.74,24.74,21.312939,0
3/12/21,24.82,24.82,24.82,24.82,21.381859,0
3/15/21,24.73,24.73,24.73,24.73,21.446903,0
3/16/21,24.709999,24.709999,24.709999,24.709999,21.429554,0
3/17/21,24.77,24.77,24.77,24.77,21.48159,0
3/18/21,24.629999,24.629999,24.629999,24.629999,21.360176,0
3/19/21,24.59,24.59,24.59,24.59,21.325487,0
3/22/21,24.639999,24.639999,24.639999,24.639999,21.368847,0
3/23/21,24.459999,24.459999,24.459999,24.459999,21.212742,0
3/24/21,24.469999,24.469999,24.469999,24.469999,21.221416,0
3/25/21,24.610001,24.610001,24.610001,24.610001,21.342833,0
3/26/21,24.959999,24.959999,24.959999,24.959999,21.646366,0
3/29/21,24.92,24.92,24.92,24.92,21.611679,0
3/30/21,24.85,24.85,24.85,24.85,21.550972,0
3/31/21,24.799999,24.799999,24.799999,24.799999,21.507608,0
4/1/21,24.98,24.98,24.98,24.98,21.663712,0
4/5/21,25.16,25.16,25.16,25.16,21.819817,0
4/6/21,25.15,25.15,25.15,25.15,21.811142,0
4/7/21,25.139999,25.139999,25.139999,25.139999,21.802471,0
4/8/21,25.18,25.18,25.18,25.18,21.83716,0
4/9/21,25.200001,25.200001,25.200001,25.200001,21.854507,0
4/12/21,25.209999,25.209999,25.209999,25.209999,21.863178,0
4/13/21,25.209999,25.209999,25.209999,25.209999,21.863178,0
4/14/21,25.24,25.24,25.24,25.24,21.889194,0
4/15/21,25.389999,25.389999,25.389999,25.389999,22.019279,0
4/16/21,25.5,25.5,25.5,25.5,22.114674,0
4/19/21,25.43,25.43,25.43,25.43,22.05397,0
4/20/21,25.290001,25.290001,25.290001,25.290001,21.932556,0
4/21/21,25.450001,25.450001,25.450001,25.450001,22.071318,0
4/22/21,25.280001,25.280001,25.280001,25.280001,21.923885,0
4/23/21,25.450001,25.450001,25.450001,25.450001,22.071318,0
4/26/21,25.450001,25.450001,25.450001,25.450001,22.071318,0
4/27/21,25.450001,25.450001,25.450001,25.450001,22.071318,0
4/28/21,25.450001,25.450001,25.450001,25.450001,22.071318,0
4/29/21,25.57,25.57,25.57,25.57,22.175385,0
4/30/21,25.459999,25.459999,25.459999,25.459999,22.07999,0
5/3/21,25.59,25.59,25.59,25.59,22.192728,0
5/4/21,25.59,25.59,25.59,25.59,22.192728,0
5/5/21,25.700001,25.700001,25.700001,25.700001,22.288128,0
5/6/21,25.9,25.9,25.9,25.9,22.461575,0
5/7/21,26.07,26.07,26.07,26.07,22.609007,0
5/10/21,26.08,26.08,26.08,26.08,22.617678,0
5/11/21,25.860001,25.860001,25.860001,25.860001,22.426886,0
5/12/21,25.559999,25.559999,25.559999,25.559999,22.166712,0
5/13/21,25.76,25.76,25.76,25.76,22.340162,0
5/14/21,25.98,25.98,25.98,25.98,22.530954,0
5/17/21,25.98,25.98,25.98,25.98,22.530954,0
5/18/21,25.889999,25.889999,25.889999,25.889999,22.452902,0
5/19/21,25.75,25.75,25.75,25.75,22.33149,0
5/20/21,25.9,25.9,25.9,25.9,22.461575,0
5/21/21,25.940001,25.940001,25.940001,25.940001,22.496265,0
5/24/21,26.030001,26.030001,26.030001,26.030001,22.574318,0
5/25/21,25.950001,25.950001,25.950001,25.950001,22.504938,0
5/26/21,25.959999,25.959999,25.959999,25.959999,22.513609,0
5/27/21,26.02,26.02,26.02,26.02,22.565645,0
5/28/21,26.059999,26.059999,26.059999,26.059999,22.600332,0
6/1/21,26.15,26.15,26.15,26.15,22.678383,0
6/2/21,26.219999,26.219999,26.219999,26.219999,22.73909,0
6/3/21,26.209999,26.209999,26.209999,26.209999,22.730417,0
6/4/21,26.32,26.32,26.32,26.32,22.825817,0
6/7/21,26.309999,26.309999,26.309999,26.309999,22.817142,0
6/8/21,26.280001,26.280001,26.280001,26.280001,22.791128,0
6/9/21,26.23,26.23,26.23,26.23,22.747761,0
6/10/21,26.299999,26.299999,26.299999,26.299999,22.80847,0
6/11/21,26.299999,26.299999,26.299999,26.299999,22.80847,0
6/14/21,26.110001,26.110001,26.110001,26.110001,22.786652,0
6/15/21,26.1,26.1,26.1,26.1,22.777925,0
6/16/21,25.940001,25.940001,25.940001,25.940001,22.63829,0
6/17/21,25.77,25.77,25.77,25.77,22.489929,0
6/18/21,25.459999,25.459999,25.459999,25.459999,22.219387,0
6/21/21,25.74,25.74,25.74,25.74,22.463745,0
6/22/21,25.73,25.73,25.73,25.73,22.455021,0
6/23/21,25.68,25.68,25.68,25.68,22.411386,0
6/24/21,25.780001,25.780001,25.780001,25.780001,22.498657,0
6/25/21,25.860001,25.860001,25.860001,25.860001,22.568476,0
6/28/21,25.809999,25.809999,25.809999,25.809999,22.524836,0
6/29/21,25.780001,25.780001,25.780001,25.780001,22.498657,0
6/30/21,25.809999,25.809999,25.809999,25.809999,22.524836,0
7/1/21,25.870001,25.870001,25.870001,25.870001,22.5772,0
7/2/21,25.950001,25.950001,25.950001,25.950001,22.647017,0
7/6/21,25.790001,25.790001,25.790001,25.790001,22.507383,0
7/7/21,25.84,25.84,25.84,25.84,22.551022,0
7/8/21,25.67,25.67,25.67,25.67,22.402658,0
7/9/21,25.940001,25.940001,25.940001,25.940001,22.63829,0
7/12/21,26.01,26.01,26.01,26.01,22.699381,0
7/13/21,25.889999,25.889999,25.889999,25.889999,22.594652,0
7/14/21,25.93,25.93,25.93,25.93,22.629564,0
7/15/21,25.889999,25.889999,25.889999,25.889999,22.594652,0
7/16/21,25.719999,25.719999,25.719999,25.719999,22.446291,0
7/19/21,25.370001,25.370001,25.370001,25.370001,22.140844,0
7/20/21,25.58,25.58,25.58,25.58,22.324112,0
7/21/21,25.75,25.75,25.75,25.75,22.472477,0
7/22/21,25.709999,25.709999,25.709999,25.709999,22.437567,0
7/23/21,25.83,25.83,25.83,25.83,22.542292,0
7/26/21,25.870001,25.870001,25.870001,25.870001,22.5772,0
7/27/21,25.879999,25.879999,25.879999,25.879999,22.585928,0
7/28/21,25.9,25.9,25.9,25.9,22.603382,0
7/29/21,26.030001,26.030001,26.030001,26.030001,22.716837,0
7/30/21,25.92,25.92,25.92,25.92,22.620836,0
8/2/21,25.93,25.93,25.93,25.93,22.629564,0
8/3/21,26.08,26.08,26.08,26.08,22.760471,0
8/4/21,25.940001,25.940001,25.940001,25.940001,22.63829,0
8/5/21,26.02,26.02,26.02,26.02,22.708111,0
8/6/21,26.040001,26.040001,26.040001,26.040001,22.725561,0
8/9/21,26,26,26,26,22.690657,0
8/10/21,26.1,26.1,26.1,26.1,22.777925,0
8/11/21,26.200001,26.200001,26.200001,26.200001,22.865198,0
8/12/21,26.219999,26.219999,26.219999,26.219999,22.882652,0
8/13/21,26.290001,26.290001,26.290001,26.290001,22.943745,0
8/16/21,26.290001,26.290001,26.290001,26.290001,22.943745,0
8/17/21,26.190001,26.190001,26.190001,26.190001,22.856472,0
8/18/21,25.969999,25.969999,25.969999,25.969999,22.664469,0
8/19/21,25.870001,25.870001,25.870001,25.870001,22.5772,0
8/20/21,25.959999,25.959999,25.959999,25.959999,22.655745,0
8/23/21,26.08,26.08,26.08,26.08,22.760471,0
8/24/21,26.1,26.1,26.1,26.1,22.777925,0
8/25/21,26.16,26.16,26.16,26.16,22.830292,0
8/26/21,26.059999,26.059999,26.059999,26.059999,22.743017,0
8/27/21,26.25,26.25,26.25,26.25,22.908834,0
8/30/21,26.26,26.26,26.26,26.26,22.917562,0
8/31/21,26.27,26.27,26.27,26.27,22.926289,0
9/1/21,26.290001,26.290001,26.290001,26.290001,22.943745,0
9/2/21,26.43,26.43,26.43,26.43,23.065924,0
9/3/21,26.4,26.4,26.4,26.4,23.03974,0
9/7/21,26.26,26.26,26.26,26.26,22.917562,0
9/8/21,26.23,26.23,26.23,26.23,22.891378,0
9/9/21,26.120001,26.120001,26.120001,26.120001,22.795382,0
9/10/21,26.040001,26.040001,26.040001,26.040001,22.725561,0
9/13/21,25.98,25.98,25.98,25.98,22.817781,0
9/14/21,25.860001,25.860001,25.860001,25.860001,22.712389,0
9/15/21,25.99,25.99,25.99,25.99,22.826567,0
9/16/21,25.870001,25.870001,25.870001,25.870001,22.721172,0
9/17/21,25.709999,25.709999,25.709999,25.709999,22.580643,0
9/20/21,25.43,25.43,25.43,25.43,22.334728,0
9/21/21,25.43,25.43,25.43,25.43,22.334728,0
9/22/21,25.610001,25.610001,25.610001,25.610001,22.492819,0
9/23/21,25.790001,25.790001,25.790001,25.790001,22.650911,0
9/24/21,25.76,25.76,25.76,25.76,22.624559,0
9/27/21,25.809999,25.809999,25.809999,25.809999,22.668474,0
9/28/21,25.530001,25.530001,25.530001,25.530001,22.422556,0
9/29/21,25.6,25.6,25.6,25.6,22.484035,0
9/30/21,25.34,25.34,25.34,25.34,22.255684,0
10/1/21,25.530001,25.530001,25.530001,25.530001,22.422556,0
10/4/21,25.459999,25.459999,25.459999,25.459999,22.361076,0
10/5/21,25.559999,25.559999,25.559999,25.559999,22.448902,0
10/6/21,25.58,25.58,25.58,25.58,22.466469,0
10/7/21,25.690001,25.690001,25.690001,25.690001,22.563082,0
10/8/21,25.68,25.68,25.68,25.68,22.554302,0
10/11/21,25.59,25.59,25.59,25.59,22.47525,0
10/12/21,25.59,25.59,25.59,25.59,22.47525,0
10/13/21,25.639999,25.639999,25.639999,25.639999,22.519167,0
10/14/21,25.92,25.92,25.92,25.92,22.765085,0
10/15/21,26,26,26,26,22.835348,0
10/18/21,25.940001,25.940001,25.940001,25.940001,22.782648,0
10/19/21,26.08,26.08,26.08,26.08,22.905609,0
10/20/21,26.23,26.23,26.23,26.23,23.037352,0
10/21/21,26.190001,26.190001,26.190001,26.190001,23.002222,0
10/22/21,26.280001,26.280001,26.280001,26.280001,23.081266,0
10/25/21,26.280001,26.280001,26.280001,26.280001,23.081266,0
10/26/21,26.309999,26.309999,26.309999,26.309999,23.107616,0
10/27/21,26.15,26.15,26.15,26.15,22.967091,0
10/28/21,26.290001,26.290001,26.290001,26.290001,23.090052,0
10/29/21,26.190001,26.190001,26.190001,26.190001,23.002222,0
11/1/21,26.26,26.26,26.26,26.26,23.0637,0
11/2/21,26.33,26.33,26.33,26.33,23.125181,0
11/3/21,26.43,26.43,26.43,26.43,23.213009,0
11/4/21,26.34,26.34,26.34,26.34,23.133963,0
11/5/21,26.49,26.49,26.49,26.49,23.265707,0
11/8/21,26.48,26.48,26.48,26.48,23.256922,0
11/9/21,26.5,26.5,26.5,26.5,23.274488,0
11/10/21,26.41,26.41,26.41,26.41,23.195444,0
11/11/21,26.450001,26.450001,26.450001,26.450001,23.230576,0
11/12/21,26.459999,26.459999,26.459999,26.459999,23.239357,0
11/15/21,26.5,26.5,26.5,26.5,23.274488,0
11/16/21,26.42,26.42,26.42,26.42,23.204227,0
11/17/21,26.41,26.41,26.41,26.41,23.195444,0
11/18/21,26.370001,26.370001,26.370001,26.370001,23.160316,0
11/19/21,26.23,26.23,26.23,26.23,23.037352,0
11/22/21,26.27,26.27,26.27,26.27,23.072485,0
11/23/21,26.370001,26.370001,26.370001,26.370001,23.160316,0
11/24/21,26.370001,26.370001,26.370001,26.370001,23.160316,0
11/26/21,25.99,25.99,25.99,25.99,22.826567,0
11/29/21,26.09,26.09,26.09,26.09,22.914394,0
11/30/21,25.73,25.73,25.73,25.73,22.598209,0
12/1/21,25.690001,25.690001,25.690001,25.690001,22.563082,0
12/2/21,25.99,25.99,25.99,25.99,22.826567,0
12/3/21,25.98,25.98,25.98,25.98,22.817781,0
12/6/21,26.16,26.16,26.16,26.16,22.975872,0
12/7/21,26.42,26.42,26.42,26.42,23.204227,0
12/8/21,26.370001,26.370001,26.370001,26.370001,23.160316,0
12/9/21,26.280001,26.280001,26.280001,26.280001,23.081266,0
12/10/21,26.459999,26.459999,26.459999,26.459999,23.239357,0
12/13/21,26.4,26.4,26.4,26.4,23.186661,0
12/14/21,25.110001,25.110001,25.110001,25.110001,23.13047,0
12/15/21,25.299999,25.299999,25.299999,25.299999,23.30549,0
12/16/21,25.43,25.43,25.43,25.43,23.425243,0
12/17/21,25.25,25.25,25.25,25.25,23.259434,0
12/20/21,25.129999,25.129999,25.129999,25.129999,23.148891,0
12/21/21,25.299999,25.299999,25.299999,25.299999,23.30549,0
12/22/21,25.450001,25.450001,25.450001,25.450001,23.443668,0
12/23/21,25.530001,25.530001,25.530001,25.530001,23.517359,0
12/27/21,25.74,25.74,25.74,25.74,23.710804,0
12/28/21,25.77,25.77,25.77,25.77,23.738441,0
12/29/21,25.809999,25.809999,25.809999,25.809999,23.775286,0
12/30/21,25.809999,25.809999,25.809999,25.809999,23.775286,0
12/31/21,25.85,25.85,25.85,25.85,23.812132,0
1/3/22,25.82,25.82,25.82,25.82,23.784496,0
1/4/22,25.98,25.98,25.98,25.98,23.931883,0
1/5/22,25.75,25.75,25.75,25.75,23.720015,0
1/6/22,25.780001,25.780001,25.780001,25.780001,23.747652,0
1/7/22,25.85,25.85,25.85,25.85,23.812132,0
1/10/22,25.84,25.84,25.84,25.84,23.802921,0
1/11/22,25.98,25.98,25.98,25.98,23.931883,0
1/12/22,26.049999,26.049999,26.049999,26.049999,23.996365,0
1/13/22,25.98,25.98,25.98,25.98,23.931883,0
1/14/22,25.950001,25.950001,25.950001,25.950001,23.904251,0
1/18/22,25.73,25.73,25.73,25.73,23.701591,0
1/19/22,25.639999,25.639999,25.639999,25.639999,23.618689,0
1/20/22,25.49,25.49,25.49,25.49,23.480511,0
1/21/22,25.280001,25.280001,25.280001,25.280001,23.287069,0
1/24/22,25.200001,25.200001,25.200001,25.200001,23.213375,0
1/25/22,25.219999,25.219999,25.219999,25.219999,23.231796,0
1/26/22,25.17,25.17,25.17,25.17,23.185738,0
1/27/22,25.190001,25.190001,25.190001,25.190001,23.204163,0
1/28/22,25.379999,25.379999,25.379999,25.379999,23.379183,0
1/31/22,25.5,25.5,25.5,25.5,23.489725,0
2/1/22,25.629999,25.629999,25.629999,25.629999,23.609474,0
2/2/22,25.809999,25.809999,25.809999,25.809999,23.775286,0
2/3/22,25.6,25.6,25.6,25.6,23.581841,0
2/4/22,25.549999,25.549999,25.549999,25.549999,23.535784,0
2/7/22,25.58,25.58,25.58,25.58,23.563417,0
2/8/22,25.629999,25.629999,25.629999,25.629999,23.609474,0
2/9/22,25.809999,25.809999,25.809999,25.809999,23.775286,0
2/10/22,25.549999,25.549999,25.549999,25.549999,23.535784,0
2/11/22,25.459999,25.459999,25.459999,25.459999,23.452877,0
2/14/22,25.280001,25.280001,25.280001,25.280001,23.287069,0
2/15/22,25.43,25.43,25.43,25.43,23.425243,0
2/16/22,25.5,25.5,25.5,25.5,23.489725,0
2/17/22,25.32,25.32,25.32,25.32,23.323915,0
2/18/22,25.27,25.27,25.27,25.27,23.277857,0
2/22/22,25.1,25.1,25.1,25.1,23.12126,0
2/23/22,24.940001,24.940001,24.940001,24.940001,22.973871,0
2/24/22,24.74,24.74,24.74,24.74,22.78964,0
2/25/22,25.26,25.26,25.26,25.26,23.268644,0
2/28/22,25.18,25.18,25.18,25.18,23.194952,0
3/1/22,24.99,24.99,24.99,24.99,23.019928,0
3/2/22,25.290001,25.290001,25.290001,25.290001,23.29628,0
3/3/22,25.23,25.23,25.23,25.23,23.241011,0
3/4/22,25.15,25.15,25.15,25.15,23.167316,0
3/7/22,24.73,24.73,24.73,24.73,22.780428,0
3/8/22,24.559999,24.559999,24.559999,24.559999,22.623829,0
3/9/22,24.860001,24.860001,24.860001,24.860001,22.900177,0
3/10/22,24.809999,24.809999,24.809999,24.809999,22.85412,0
3/11/22,24.65,24.65,24.65,24.65,22.706732,0
3/14/22,24.4,24.4,24.4,24.4,22.627907,0
3/15/22,24.549999,24.549999,24.549999,24.549999,22.76701,0
3/16/22,24.790001,24.790001,24.790001,24.790001,22.989582,0
3/17/22,25.049999,25.049999,25.049999,25.049999,23.230698,0
3/18/22,25.120001,25.120001,25.120001,25.120001,23.295614,0
3/21/22,25.139999,25.139999,25.139999,25.139999,23.314161,0
3/22/22,25.209999,25.209999,25.209999,25.209999,23.379078,0
3/23/22,25.1,25.1,25.1,25.1,23.277069,0
3/24/22,25.26,25.26,25.26,25.26,23.425447,0
3/25/22,25.379999,25.379999,25.379999,25.379999,23.536732,0
3/28/22,25.34,25.34,25.34,25.34,23.499636,0
3/29/22,25.52,25.52,25.52,25.52,23.666567,0
3/30/22,25.540001,25.540001,25.540001,25.540001,23.68511,0
3/31/22,25.34,25.34,25.34,25.34,23.499636,0
4/1/22,25.440001,25.440001,25.440001,25.440001,23.592377,0
4/4/22,25.459999,25.459999,25.459999,25.459999,23.610922,0
4/5/22,25.33,25.33,25.33,25.33,23.490362,0
4/6/22,25.360001,25.360001,25.360001,25.360001,23.518187,0
4/7/22,25.41,25.41,25.41,25.41,23.564554,0
4/8/22,25.49,25.49,25.49,25.49,23.638744,0
4/11/22,25.299999,25.299999,25.299999,25.299999,23.462542,0
4/12/22,25.27,25.27,25.27,25.27,23.434721,0
4/13/22,25.41,25.41,25.41,25.41,23.564554,0
4/14/22,25.33,25.33,25.33,25.33,23.490362,0
4/18/22,25.290001,25.290001,25.290001,25.290001,23.45327,0
4/19/22,25.379999,25.379999,25.379999,25.379999,23.536732,0
4/20/22,25.559999,25.559999,25.559999,25.559999,23.703659,0
4/21/22,25.35,25.35,25.35,25.35,23.508911,0
4/22/22,24.969999,24.969999,24.969999,24.969999,23.156511,0
4/25/22,24.91,24.91,24.91,24.91,23.100868,0
4/26/22,24.620001,24.620001,24.620001,24.620001,22.83193,0
4/27/22,24.67,24.67,24.67,24.67,22.878298,0
4/28/22,24.91,24.91,24.91,24.91,23.100868,0
4/29/22,24.459999,24.459999,24.459999,24.459999,22.683548,0
5/2/22,24.370001,24.370001,24.370001,24.370001,22.600086,0
5/3/22,24.549999,24.549999,24.549999,24.549999,22.76701,0
5/4/22,24.93,24.93,24.93,24.93,23.119415,0
5/5/22,24.530001,24.530001,24.530001,24.530001,22.748466,0
5/6/22,24.459999,24.459999,24.459999,24.459999,22.683548,0
5/9/22,24.040001,24.040001,24.040001,24.040001,22.294054,0
5/10/22,23.99,23.99,23.99,23.99,22.247683,0
5/11/22,23.959999,23.959999,23.959999,23.959999,22.219862,0
5/12/22,23.940001,23.940001,23.940001,23.940001,22.201315,0
5/13/22,24.23,24.23,24.23,24.23,22.470255,0
5/16/22,24.33,24.33,24.33,24.33,22.56299,0
5/17/22,24.559999,24.559999,24.559999,24.559999,22.776283,0
5/18/22,24.059999,24.059999,24.059999,24.059999,22.312599,0
5/19/22,23.93,23.93,23.93,23.93,22.192043,0
5/20/22,24.049999,24.049999,24.049999,24.049999,22.303328,0
5/23/22,24.26,24.26,24.26,24.26,22.498075,0
5/24/22,24.4,24.4,24.4,24.4,22.627907,0
5/25/22,24.57,24.57,24.57,24.57,22.785561,0
5/26/22,24.76,24.76,24.76,24.76,22.961761,0
5/27/22,25,25,25,25,23.184332,0
5/31/22,24.879999,24.879999,24.879999,24.879999,23.073048,0
6/1/22,24.76,24.76,24.76,24.76,22.961761,0
6/2/22,24.92,24.92,24.92,24.92,23.110142,0
6/3/22,24.77,24.77,24.77,24.77,22.971035,0
6/6/22,24.77,24.77,24.77,24.77,22.971035,0
6/7/22,24.940001,24.940001,24.940001,24.940001,23.128689,0
6/8/22,24.68,24.68,24.68,24.68,22.887573,0
6/9/22,24.33,24.33,24.33,24.33,22.56299,0
6/10/22,23.959999,23.959999,23.959999,23.959999,22.219862,0
6/13/22,23.139999,23.139999,23.139999,23.139999,21.608219,0
6/14/22,22.98,22.98,22.98,22.98,21.458813,0
6/15/22,23.17,23.17,23.17,23.17,21.636236,0
6/16/22,22.780001,22.780001,22.780001,22.780001,21.272053,0
6/17/22,22.67,22.67,22.67,22.67,21.169334,0
6/21/22,23,23,23,23,21.477488,0
6/22/22,22.93,22.93,22.93,22.93,21.412121,0
6/23/22,22.950001,22.950001,22.950001,22.950001,21.430799,0
6/24/22,23.33,23.33,23.33,23.33,21.785645,0
6/27/22,23.370001,23.370001,23.370001,23.370001,21.822996,0
6/28/22,23.24,23.24,23.24,23.24,21.701601,0
6/29/22,23.17,23.17,23.17,23.17,21.636236,0
6/30/22,23.1,23.1,23.1,23.1,21.570869,0
7/1/22,23.25,23.25,23.25,23.25,21.710939,0
7/5/22,23.040001,23.040001,23.040001,23.040001,21.514841,0
7/6/22,23,23,23,23,21.477488,0
7/7/22,23.209999,23.209999,23.209999,23.209999,21.673586,0
7/8/22,23.18,23.18,23.18,23.18,21.645575,0
7/11/22,23.1,23.1,23.1,23.1,21.570869,0
7/12/22,23.02,23.02,23.02,23.02,21.496164,0
7/13/22,22.959999,22.959999,22.959999,22.959999,21.440136,0
7/14/22,22.76,22.76,22.76,22.76,21.253376,0
7/15/22,23,23,23,23,21.477488,0
7/18/22,22.969999,22.969999,22.969999,22.969999,21.449474,0
7/19/22,23.280001,23.280001,23.280001,23.280001,21.738955,0
7/20/22,23.23,23.23,23.23,23.23,21.692263,0
7/21/22,23.290001,23.290001,23.290001,23.290001,21.748293,0
7/22/22,23.32,23.32,23.32,23.32,21.776306,0
7/25/22,23.42,23.42,23.42,23.42,21.869686,0
7/26/22,23.360001,23.360001,23.360001,23.360001,21.813658,0
7/27/22,23.540001,23.540001,23.540001,23.540001,21.981743,0
7/28/22,23.709999,23.709999,23.709999,23.709999,22.140486,0
7/29/22,23.83,23.83,23.83,23.83,22.252546,0
8/1/22,23.84,23.84,23.84,23.84,22.261885,0
8/2/22,23.690001,23.690001,23.690001,23.690001,22.121813,0
8/3/22,23.799999,23.799999,23.799999,23.799999,22.224529,0
8/4/22,23.780001,23.780001,23.780001,23.780001,22.205854,0
8/5/22,23.780001,23.780001,23.780001,23.780001,22.205854,0
8/8/22,23.84,23.84,23.84,23.84,22.261885,0
8/9/22,23.84,23.84,23.84,23.84,22.261885,0
8/10/22,24.07,24.07,24.07,24.07,22.47666,0
8/11/22,24.09,24.09,24.09,24.09,22.495337,0
8/12/22,24.280001,24.280001,24.280001,24.280001,22.672758,0
8/15/22,24.299999,24.299999,24.299999,24.299999,22.691433,0
8/16/22,24.370001,24.370001,24.370001,24.370001,22.7568,0
8/17/22,24.24,24.24,24.24,24.24,22.635406,0
8/18/22,24.26,24.26,24.26,24.26,22.654083,0
8/19/22,24.129999,24.129999,24.129999,24.129999,22.532686,0
8/22/22,23.870001,23.870001,23.870001,23.870001,22.289898,0
8/23/22,23.85,23.85,23.85,23.85,22.271221,0
8/24/22,23.879999,23.879999,23.879999,23.879999,22.299234,0
8/25/22,24.059999,24.059999,24.059999,24.059999,22.467321,0
8/26/22,23.700001,23.700001,23.700001,23.700001,22.131149,0
8/29/22,23.620001,23.620001,23.620001,23.620001,22.056448,0
8/30/22,23.4,23.4,23.4,23.4,21.851011,0
8/31/22,23.27,23.27,23.27,23.27,21.729616,0
9/1/22,23.24,23.24,23.24,23.24,21.701601,0
9/2/22,23.17,23.17,23.17,23.17,21.636236,0
9/6/22,23.08,23.08,23.08,23.08,21.552193,0
9/7/22,23.280001,23.280001,23.280001,23.280001,21.738955,0
9/8/22,23.370001,23.370001,23.370001,23.370001,21.822996,0
9/9/22,23.59,23.59,23.59,23.59,22.028431,0
9/12/22,23.59,23.59,23.59,23.59,22.183596,0
9/13/22,23.040001,23.040001,23.040001,23.040001,21.666386,0
9/14/22,23.07,23.07,23.07,23.07,21.694597,0
9/15/22,22.92,22.92,22.92,22.92,21.553541,0
9/16/22,22.860001,22.860001,22.860001,22.860001,21.497116,0
9/19/22,22.92,22.92,22.92,22.92,21.553541,0
9/20/22,22.709999,22.709999,22.709999,22.709999,21.35606,0
9/21/22,22.540001,22.540001,22.540001,22.540001,21.196198,0
9/22/22,22.4,22.4,22.4,22.4,21.064541,0
9/23/22,21.99,21.99,21.99,21.99,20.678986,0
9/26/22,21.700001,21.700001,21.700001,21.700001,20.406277,0
9/27/22,21.59,21.59,21.59,21.59,20.302834,0
9/28/22,21.9,21.9,21.9,21.9,20.594351,0
9/29/22,21.639999,21.639999,21.639999,21.639999,20.349852,0
9/30/22,21.49,21.49,21.49,21.49,20.208796,0
10/3/22,21.889999,21.889999,21.889999,21.889999,20.584948,0
10/4/22,22.35,22.35,22.35,22.35,21.017525,0
10/5/22,22.26,22.26,22.26,22.26,20.93289,0
10/6/22,22.01,22.01,22.01,22.01,20.697794,0
10/7/22,21.74,21.74,21.74,21.74,20.44389,0
10/10/22,21.66,21.66,21.66,21.66,20.36866,0
10/11/22,21.59,21.59,21.59,21.59,20.302834,0
10/12/22,21.540001,21.540001,21.540001,21.540001,20.255816,0
10/13/22,21.84,21.84,21.84,21.84,20.53793,0
10/14/22,21.549999,21.549999,21.549999,21.549999,20.265217,0
10/17/22,21.84,21.84,21.84,21.84,20.53793,0
10/18/22,22.030001,22.030001,22.030001,22.030001,20.7166,0
10/19/22,21.870001,21.870001,21.870001,21.870001,20.566139,0
10/20/22,21.74,21.74,21.74,21.74,20.44389,0
10/21/22,22.02,22.02,22.02,22.02,20.707197,0
10/24/22,22.129999,22.129999,22.129999,22.129999,20.810638,0
10/25/22,22.370001,22.370001,22.370001,22.370001,21.036331,0
10/26/22,22.49,22.49,22.49,22.49,21.149178,0
10/27/22,22.540001,22.540001,22.540001,22.540001,21.196198,0
10/28/22,22.85,22.85,22.85,22.85,21.487715,0
10/31/22,22.76,22.76,22.76,22.76,21.40308,0
11/1/22,22.85,22.85,22.85,22.85,21.487715,0
11/2/22,22.6,22.6,22.6,22.6,21.252619,0
11/3/22,22.52,22.52,22.52,22.52,21.177387,0
11/4/22,22.790001,22.790001,22.790001,22.790001,21.431292,0
11/7/22,22.889999,22.889999,22.889999,22.889999,21.525328,0
11/8/22,23,23,23,23,21.628771,0
11/9/22,22.75,22.75,22.75,22.75,21.393675,0
11/10/22,23.43,23.43,23.43,23.43,22.033134,0
11/11/22,23.48,23.48,23.48,23.48,22.080154,0
11/14/22,23.389999,23.389999,23.389999,23.389999,21.995518,0
11/15/22,23.530001,23.530001,23.530001,23.530001,22.127174,0
11/16/22,23.48,23.48,23.48,23.48,22.080154,0
11/17/22,23.450001,23.450001,23.450001,23.450001,22.051943,0
11/18/22,23.549999,23.549999,23.549999,23.549999,22.145981,0
11/21/22,23.58,23.58,23.58,23.58,22.174191,0
11/22/22,23.809999,23.809999,23.809999,23.809999,22.390478,0
11/23/22,23.889999,23.889999,23.889999,23.889999,22.46571,0
11/25/22,23.950001,23.950001,23.950001,23.950001,22.522133,0
11/28/22,23.73,23.73,23.73,23.73,22.315248,0
11/29/22,23.780001,23.780001,23.780001,23.780001,22.362268,0
11/30/22,24.129999,24.129999,24.129999,24.129999,22.691401,0
12/1/22,24.190001,24.190001,24.190001,24.190001,22.747826,0
12/2/22,24.190001,24.190001,24.190001,24.190001,22.747826,0
12/5/22,23.93,23.93,23.93,23.93,22.503325,0
12/6/22,23.790001,23.790001,23.790001,23.790001,22.371674,0
12/7/22,23.809999,23.809999,23.809999,23.809999,22.390478,0
12/8/22,23.93,23.93,23.93,23.93,22.503325,0
12/9/22,23.85,23.85,23.85,23.85,22.428095,0
12/12/22,24.01,24.01,24.01,24.01,22.578556,0
12/13/22,23.07,23.07,23.07,23.07,22.722357,0
12/14/22,23.049999,23.049999,23.049999,23.049999,22.702656,0
12/15/22,22.780001,22.780001,22.780001,22.780001,22.436728,0
12/16/22,22.58,22.58,22.58,22.58,22.23974,0
12/19/22,22.5,22.5,22.5,22.5,22.160946,0
12/20/22,22.5,22.5,22.5,22.5,22.160946,0
12/21/22,22.709999,22.709999,22.709999,22.709999,22.367781,0
12/22/22,22.58,22.58,22.58,22.58,22.23974,0
12/23/22,22.690001,22.690001,22.690001,22.690001,22.348083,0
12/27/22,22.700001,22.700001,22.700001,22.700001,22.357933,0
12/28/22,22.51,22.51,22.51,22.51,22.170795,0
12/29/22,22.68,22.68,22.68,22.68,22.338234,0
12/30/22,22.629999,22.629999,22.629999,22.629999,22.288986,0
1/3/23,22.610001,22.610001,22.610001,22.610001,22.269287,0
1/4/23,22.76,22.76,22.76,22.76,22.417027,0
1/5/23,22.65,22.65,22.65,22.65,22.308685,0
1/6/23,23.07,23.07,23.07,23.07,22.722357,0
1/9/23,23.02,23.02,23.02,23.02,22.673109,0
1/10/23,23.049999,23.049999,23.049999,23.049999,22.702656,0
1/11/23,23.17,23.17,23.17,23.17,22.820848,0
1/12/23,23.299999,23.299999,23.299999,23.299999,22.948889,0
1/13/23,23.32,23.32,23.32,23.32,22.968588,0
1/17/23,23.25,23.25,23.25,23.25,22.899643,0
1/18/23,23.040001,23.040001,23.040001,23.040001,22.692808,0
1/19/23,22.969999,22.969999,22.969999,22.969999,22.623863,0
1/20/23,23.110001,23.110001,23.110001,23.110001,22.761755,0
1/23/23,23.15,23.15,23.15,23.15,22.801149,0
1/24/23,23.18,23.18,23.18,23.18,22.830698,0
1/25/23,23.219999,23.219999,23.219999,23.219999,22.870096,0
1/26/23,23.33,23.33,23.33,23.33,22.978437,0
1/27/23,23.290001,23.290001,23.290001,23.290001,22.939041,0
1/30/23,23.18,23.18,23.18,23.18,22.830698,0
1/31/23,23.35,23.35,23.35,23.35,22.998138,0
2/1/23,23.43,23.43,23.43,23.43,23.076931,0
2/2/23,23.42,23.42,23.42,23.42,23.067081,0
2/3/23,23.27,23.27,23.27,23.27,22.919342,0
2/6/23,23.17,23.17,23.17,23.17,22.820848,0
2/7/23,23.25,23.25,23.25,23.25,22.899643,0
2/8/23,23.190001,23.190001,23.190001,23.190001,22.840548,0
2/9/23,23.08,23.08,23.08,23.08,22.732206,0
2/10/23,23.18,23.18,23.18,23.18,22.830698,0
2/13/23,23.309999,23.309999,23.309999,23.309999,22.958738,0
2/14/23,23.24,23.24,23.24,23.24,22.889795,0
2/15/23,23.190001,23.190001,23.190001,23.190001,22.840548,0
2/16/23,23.040001,23.040001,23.040001,23.040001,22.692808,0
2/17/23,23.040001,23.040001,23.040001,23.040001,22.692808,0
2/21/23,22.82,22.82,22.82,22.82,22.476124,0
2/22/23,22.75,22.75,22.75,22.75,22.407177,0
2/23/23,22.809999,22.809999,22.809999,22.809999,22.466274,0
2/24/23,22.67,22.67,22.67,22.67,22.328384,0
2/27/23,22.719999,22.719999,22.719999,22.719999,22.377628,0
2/28/23,22.629999,22.629999,22.629999,22.629999,22.288986,0
3/1/23,22.610001,22.610001,22.610001,22.610001,22.269287,0
3/2/23,22.68,22.68,22.68,22.68,22.338234,0
3/3/23,22.889999,22.889999,22.889999,22.889999,22.545067,0
3/6/23,22.879999,22.879999,22.879999,22.879999,22.535217,0
3/7/23,22.6,22.6,22.6,22.6,22.259438,0
3/8/23,22.59,22.59,22.59,22.59,22.249588,0
3/9/23,22.370001,22.370001,22.370001,22.370001,22.032906,0
3/10/23,22.24,22.24,22.24,22.24,21.904863,0
3/13/23,22.030001,22.030001,22.030001,22.030001,21.865164,0
3/14/23,22.17,22.17,22.17,22.17,22.004114,0
3/15/23,21.940001,21.940001,21.940001,21.940001,21.775837,0
3/16/23,22.059999,22.059999,22.059999,22.059999,21.894938,0
3/17/23,21.9,21.9,21.9,21.9,21.736135,0
3/20/23,22.09,22.09,22.09,22.09,21.924713,0
3/21/23,22.200001,22.200001,22.200001,22.200001,22.033892,0
3/22/23,22.049999,22.049999,22.049999,22.049999,21.885012,0
3/23/23,22.040001,22.040001,22.040001,22.040001,21.875088,0
3/24/23,22.09,22.09,22.09,22.09,21.924713,0
3/27/23,22.15,22.15,22.15,22.15,21.984264,0
3/28/23,22.200001,22.200001,22.200001,22.200001,22.033892,0
3/29/23,22.35,22.35,22.35,22.35,22.182768,0
3/30/23,22.459999,22.459999,22.459999,22.459999,22.291945,0
3/31/23,22.639999,22.639999,22.639999,22.639999,22.470598,0
4/3/23,22.77,22.77,22.77,22.77,22.599627,0
4/4/23,22.74,22.74,22.74,22.74,22.569849,0
4/5/23,22.790001,22.790001,22.790001,22.790001,22.619476,0
4/6/23,22.82,22.82,22.82,22.82,22.649252,0
4/10/23,22.809999,22.809999,22.809999,22.809999,22.639326,0
4/11/23,22.889999,22.889999,22.889999,22.889999,22.718727,0
4/12/23,22.9,22.9,22.9,22.9,22.728653,0
4/13/23,23.02,23.02,23.02,23.02,22.847755,0
4/14/23,22.950001,22.950001,22.950001,22.950001,22.77828,0
4/17/23,22.99,22.99,22.99,22.99,22.81798,0
4/18/23,23.049999,23.049999,23.049999,23.049999,22.877529,0
4/19/23,23.030001,23.030001,23.030001,23.030001,22.857681,0
4/20/23,22.950001,22.950001,22.950001,22.950001,22.77828,0
4/21/23,22.969999,22.969999,22.969999,22.969999,22.798128,0
4/24/23,23.02,23.02,23.02,23.02,22.847755,0
4/25/23,22.870001,22.870001,22.870001,22.870001,22.698877,0
4/26/23,22.73,22.73,22.73,22.73,22.559925,0
4/27/23,22.879999,22.879999,22.879999,22.879999,22.708801,0
4/28/23,23,23,23,23,22.827904,0
5/1/23,22.950001,22.950001,22.950001,22.950001,22.77828,0
5/2/23,22.75,22.75,22.75,22.75,22.579775,0
5/3/23,22.68,22.68,22.68,22.68,22.5103,0
5/4/23,22.59,22.59,22.59,22.59,22.420973,0
5/5/23,22.809999,22.809999,22.809999,22.809999,22.639326,0
5/8/23,22.76,22.76,22.76,22.76,22.589701,0
5/9/23,22.719999,22.719999,22.719999,22.719999,22.549999,0
5/10/23,22.700001,22.700001,22.700001,22.700001,22.530149,0
5/11/23,22.620001,22.620001,22.620001,22.620001,22.450748,0
5/12/23,22.58,22.58,22.58,22.58,22.411047,0
5/15/23,22.629999,22.629999,22.629999,22.629999,22.460672,0
5/16/23,22.450001,22.450001,22.450001,22.450001,22.282021,0
5/17/23,22.559999,22.559999,22.559999,22.559999,22.391197,0
5/18/23,22.540001,22.540001,22.540001,22.540001,22.371347,0
5/19/23,22.559999,22.559999,22.559999,22.559999,22.391197,0
5/22/23,22.57,22.57,22.57,22.57,22.401121,0
5/23/23,22.49,22.49,22.49,22.49,22.32172,0
5/24/23,22.32,22.32,22.32,22.32,22.152992,0
5/25/23,22.23,22.23,22.23,22.23,22.063665,0
5/26/23,22.360001,22.360001,22.360001,22.360001,22.192694,0
5/30/23,22.290001,22.290001,22.290001,22.290001,22.123219,0
5/31/23,22.25,22.25,22.25,22.25,22.083517,0
6/1/23,22.360001,22.360001,22.360001,22.360001,22.192694,0
6/2/23,22.610001,22.610001,22.610001,22.610001,22.440823,0
6/5/23,22.549999,22.549999,22.549999,22.549999,22.381271,0
6/6/23,22.59,22.59,22.59,22.59,22.420973,0
6/7/23,22.66,22.66,22.66,22.66,22.490448,0
6/8/23,22.75,22.75,22.75,22.75,22.579775,0
6/9/23,22.719999,22.719999,22.719999,22.719999,22.549999,0
6/12/23,22.6,22.6,22.6,22.6,22.6,0
6/13/23,22.67,22.67,22.67,22.67,22.67,0
6/14/23,22.68,22.68,22.68,22.68,22.68,0
6/15/23,22.879999,22.879999,22.879999,22.879999,22.879999,0
6/16/23,22.85,22.85,22.85,22.85,22.85,0
6/20/23,22.690001,22.690001,22.690001,22.690001,22.690001,0
6/21/23,22.700001,22.700001,22.700001,22.700001,22.700001,0
6/22/23,22.610001,22.610001,22.610001,22.610001,22.610001,0
6/23/23,22.469999,22.469999,22.469999,22.469999,22.469999,0
6/26/23,22.51,22.51,22.51,22.51,22.51,0
6/27/23,22.6,22.6,22.6,22.6,22.6,0
6/28/23,22.57,22.57,22.57,22.57,22.57,0
6/29/23,22.629999,22.629999,22.629999,22.629999,22.629999,0
6/30/23,22.780001,22.780001,22.780001,22.780001,22.780001,0
7/3/23,22.82,22.82,22.82,22.82,22.82,0
7/5/23,22.74,22.74,22.74,22.74,22.74,0
7/6/23,22.49,22.49,22.49,22.49,22.49,0
7/7/23,22.5,22.5,22.5,22.5,22.5,0
7/10/23,22.59,22.59,22.59,22.59,22.59,0
7/11/23,22.75,22.75,22.75,22.75,22.75,0
7/12/23,22.93,22.93,22.93,22.93,22.93,0
7/13/23,23.09,23.09,23.09,23.09,23.09,0
7/14/23,23.02,23.02,23.02,23.02,23.02,0
7/17/23,23.01,23.01,23.01,23.01,23.01,0
7/18/23,23.08,23.08,23.08,23.08,23.08,0
7/19/23,23.16,23.16,23.16,23.16,23.16,0
7/20/23,23.18,23.18,23.18,23.18,23.18,0
7/21/23,23.209999,23.209999,23.209999,23.209999,23.209999,0
7/24/23,23.23,23.23,23.23,23.23,23.23,0
7/25/23,23.23,23.23,23.23,23.23,23.23,0
7/26/23,23.24,23.24,23.24,23.24,23.24,0
7/27/23,23.120001,23.120001,23.120001,23.120001,23.120001,0
7/28/23,23.219999,23.219999,23.219999,23.219999,23.219999,0
7/31/23,23.25,23.25,23.25,23.25,23.25,0
8/1/23,23.15,23.15,23.15,23.15,23.15,0